0,hsa_circ_0075082
1,hsa_circ_0091423
2,hsa_circ_0008578
3,hsa_circ_0041577
4,hsa_circ_0019688
5,hsa_circ_0060123
6,hsa_circ_0078473
7,hsa_circ_0081108
8,hsa_circ_0044505
9,hsa_circ_0038317
10,hsa_circ_0030856
11,hsa_circ_0058199
12,hsa_circ_0041734
13,hsa_circ_0068831
14,hsa_circ_0086929
15,hsa_circ_0051235
16,hsa_circ_0046844
17,hsa_circ_0078806
18,hsa_circ_0015701
19,hsa_circ_0086917
20,hsa_circ_0079117
21,hsa_circ_0055724
22,hsa_circ_0019904
23,hsa_circ_0016596
24,hsa_circ_0081142
25,hsa_circ_0015218
26,hsa_circ_0066904
27,hsa_circ_0038027
28,hsa_circ_0011484
29,hsa_circ_0051785
30,hsa_circ_0041667
31,hsa_circ_0051750
32,hsa_circ_0040867
33,hsa_circ_0012044
34,hsa_circ_0055233
35,hsa_circ_0050775
36,hsa_circ_0078202
37,hsa_circ_0033276
38,hsa_circ_0037460
39,hsa_circ_0016162
40,hsa_circ_0050318
41,hsa_circ_0068917
42,hsa_circ_0091353
43,hsa_circ_0056345
44,hsa_circ_0052202
45,hsa_circ_0029559
46,hsa_circ_0057345
47,hsa_circ_0045757
48,hsa_circ_0081085
49,hsa_circ_0063079
50,hsa_circ_0057396
51,hsa_circ_0024412
52,hsa_circ_0053903
53,hsa_circ_0035149
54,hsa_circ_0052935
55,hsa_circ_0009517
56,hsa_circ_0091919
57,hsa_circ_0049515
58,hsa_circ_0009519
59,hsa_circ_0089629
60,hsa_circ_0049105
61,hsa_circ_0076014
62,hsa_circ_0061675
63,hsa_circ_0010553
64,hsa_circ_0029296
65,hsa_circ_0091307
66,hsa_circ_0045739
67,hsa_circ_0046101
68,hsa_circ_0055714
69,hsa_circ_0027289
70,hsa_circ_0010744
71,hsa_circ_0063105
72,hsa_circ_0014210
73,hsa_circ_0089512
74,hsa_circ_0007346
75,hsa_circ_0052317
76,hsa_circ_0013869
77,hsa_circ_0033277
78,hsa_circ_0044515
79,hsa_circ_0029292
80,hsa_circ_0032902
81,hsa_circ_0054633
82,hsa_circ_0020554
83,hsa_circ_0033296
84,hsa_circ_0078999
85,hsa_circ_0018308
86,hsa_circ_0007033
87,hsa_circ_0010565
88,hsa_circ_0026671
89,hsa_circ_0081096
90,hsa_circ_0076007
91,hsa_circ_0039603
92,hsa_circ_0015853
93,hsa_circ_0059136
94,hsa_circ_0050271
95,hsa_circ_0051922
96,hsa_circ_0017182
97,hsa_circ_0081081
98,hsa_circ_0010641
99,hsa_circ_0049495
100,hsa_circ_0061083
101,hsa_circ_0089531
102,hsa_circ_0015224
103,hsa_circ_0069972
104,hsa_circ_0015213
105,hsa_circ_0068732
106,hsa_circ_0013835
107,hsa_circ_0051593
108,hsa_circ_0029351
109,hsa_circ_0048450
110,hsa_circ_0009641
111,hsa_circ_0010657
112,hsa_circ_0020792
113,hsa_circ_0041657
114,hsa_circ_0063098
115,hsa_circ_0073943
116,hsa_circ_0044553
117,hsa_circ_0081378
118,hsa_circ_0061901
119,hsa_circ_0048941
120,hsa_circ_0046918
121,hsa_circ_0004790
122,hsa_circ_0058371
123,hsa_circ_0044526
124,hsa_circ_0044539
125,hsa_circ_0065399
126,hsa_circ_0025831
127,hsa_circ_0091222
128,hsa_circ_0042663
129,hsa_circ_0025081
130,hsa_circ_0033295
131,hsa_circ_0039097
132,hsa_circ_0030277
133,hsa_circ_0033577
134,hsa_circ_0066497
135,hsa_circ_0081102
136,hsa_circ_0050500
137,hsa_circ_0035718
138,hsa_circ_0041572
139,hsa_circ_0074308
140,hsa_circ_0010621
141,hsa_circ_0075975
142,hsa_circ_0045681
143,hsa_circ_0009566
144,hsa_circ_0044520
145,hsa_circ_0039106
146,hsa_circ_0075997
147,hsa_circ_0010753
148,hsa_circ_0053921
149,hsa_circ_0038404
150,hsa_circ_0069223
151,hsa_circ_0067105
152,hsa_circ_0091867
153,hsa_circ_0063074
154,hsa_circ_0079254
155,hsa_circ_0046922
156,hsa_circ_0050296
157,hsa_circ_0044545
158,hsa_circ_0065406
159,hsa_circ_0010549
160,hsa_circ_0074310
161,hsa_circ_0091870
162,hsa_circ_0010702
163,hsa_circ_0034138
164,hsa_circ_0018355
165,hsa_circ_0083776
166,hsa_circ_0019789
167,hsa_circ_0010691
168,hsa_circ_0050831
169,hsa_circ_0016027
170,hsa_circ_0029882
171,hsa_circ_0068830
172,hsa_circ_0087436
173,hsa_circ_0033775
174,hsa_circ_0052100
175,hsa_circ_0081121
176,hsa_circ_0037453
177,hsa_circ_0049813
178,hsa_circ_0009515
179,hsa_circ_0004353
180,hsa_circ_0052203
181,hsa_circ_0077315
182,hsa_circ_0017346
183,hsa_circ_0006983
184,hsa_circ_0020314
185,hsa_circ_0021034
186,hsa_circ_0074452
187,hsa_circ_0019920
188,hsa_circ_0086857
189,hsa_circ_0057400
190,hsa_circ_0029880
191,hsa_circ_0034773
192,hsa_circ_0022944
193,hsa_circ_0010569
194,hsa_circ_0057349
195,hsa_circ_0015531
196,hsa_circ_0038445
197,hsa_circ_0020317
198,hsa_circ_0009099
199,hsa_circ_0009514
200,hsa_circ_0010667
201,hsa_circ_0046100
202,hsa_circ_0050501
203,hsa_circ_0010625
204,hsa_circ_0011826
205,hsa_circ_0079934
206,hsa_circ_0091806
207,hsa_circ_0068939
208,hsa_circ_0082885
209,hsa_circ_0038500
210,hsa_circ_0046379
211,hsa_circ_0033258
212,hsa_circ_0019899
213,hsa_circ_0049668
214,hsa_circ_0089634
215,hsa_circ_0080703
216,hsa_circ_0035714
217,hsa_circ_0087156
218,hsa_circ_0010589
219,hsa_circ_0030838
220,hsa_circ_0016175
221,hsa_circ_0088327
222,hsa_circ_0049820
223,hsa_circ_0076835
224,hsa_circ_0049497
225,hsa_circ_0046931
226,hsa_circ_0024342
227,hsa_circ_0010672
228,hsa_circ_0078794
229,hsa_circ_0033267
230,hsa_circ_0063103
231,hsa_circ_0081252
232,hsa_circ_0034771
233,hsa_circ_0089457
234,hsa_circ_0001244
235,hsa_circ_0078299
236,hsa_circ_0060074
237,hsa_circ_0048844
238,hsa_circ_0005798
239,hsa_circ_0006113
240,hsa_circ_0003384
241,hsa_circ_0068752
242,hsa_circ_0091808
243,hsa_circ_0037570
244,hsa_circ_0010573
245,hsa_circ_0041579
246,hsa_circ_0033281
247,hsa_circ_0004995
248,hsa_circ_0007379
249,hsa_circ_0011487
250,hsa_circ_0010745
251,hsa_circ_0050077
252,hsa_circ_0075985
253,hsa_circ_0055962
254,hsa_circ_0058667
255,hsa_circ_0005266
256,hsa_circ_0011069
257,hsa_circ_0056349
258,hsa_circ_0083682
259,hsa_circ_0082195
260,hsa_circ_0055207
261,hsa_circ_0010598
262,hsa_circ_0091846
263,hsa_circ_0088618
264,hsa_circ_0081130
265,hsa_circ_0081094
266,hsa_circ_0030860
267,hsa_circ_0014667
268,hsa_circ_0025057
269,hsa_circ_0073952
270,hsa_circ_0089839
271,hsa_circ_0020760
272,hsa_circ_0019907
273,hsa_circ_0026108
274,hsa_circ_0056626
275,hsa_circ_0020662
276,hsa_circ_0033092
277,hsa_circ_0033261
278,hsa_circ_0048087
279,hsa_circ_0019329
280,hsa_circ_0086858
281,hsa_circ_0044546
282,hsa_circ_0021851
283,hsa_circ_0040863
284,hsa_circ_0052415
285,hsa_circ_0044554
286,hsa_circ_0066062
287,hsa_circ_0040295
288,hsa_circ_0009399
289,hsa_circ_0049116
290,hsa_circ_0091772
291,hsa_circ_0089136
292,hsa_circ_0062693
293,hsa_circ_0000527
294,hsa_circ_0019901
295,hsa_circ_0010548
296,hsa_circ_0016730
297,hsa_circ_0040861
298,hsa_circ_0075557
299,hsa_circ_0029891
300,hsa_circ_0050794
301,hsa_circ_0044518
302,hsa_circ_0069157
303,hsa_circ_0037997
304,hsa_circ_0046338
305,hsa_circ_0015836
306,hsa_circ_0044519
307,hsa_circ_0037996
308,hsa_circ_0011303
309,hsa_circ_0044529
310,hsa_circ_0051748
311,hsa_circ_0022874
312,hsa_circ_0016631
313,hsa_circ_0068269
314,hsa_circ_0052976
315,hsa_circ_0067106
316,hsa_circ_0048711
317,hsa_circ_0063086
318,hsa_circ_0074316
319,hsa_circ_0074523
320,hsa_circ_0026144
321,hsa_circ_0049517
322,hsa_circ_0010077
323,hsa_circ_0048843
324,hsa_circ_0072849
325,hsa_circ_0081141
326,hsa_circ_0052101
327,hsa_circ_0078479
328,hsa_circ_0011520
329,hsa_circ_0063533
330,hsa_circ_0010676
331,hsa_circ_0002171
332,hsa_circ_0041576
333,hsa_circ_0044398
334,hsa_circ_0074311
335,hsa_circ_0069973
336,hsa_circ_0030870
337,hsa_circ_0011070
338,hsa_circ_0089048
339,hsa_circ_0066013
340,hsa_circ_0060071
341,hsa_circ_0022949
342,hsa_circ_0048390
343,hsa_circ_0049818
344,hsa_circ_0008067
345,hsa_circ_0081136
346,hsa_circ_0052253
347,hsa_circ_0003052
348,hsa_circ_0046920
349,hsa_circ_0048707
350,hsa_circ_0079115
351,hsa_circ_0052121
352,hsa_circ_0091928
353,hsa_circ_0072850
354,hsa_circ_0000062
355,hsa_circ_0030465
356,hsa_circ_0040925
357,hsa_circ_0051297
358,hsa_circ_0035161
359,hsa_circ_0049519
360,hsa_circ_0040293
361,hsa_circ_0050480
362,hsa_circ_0020315
363,hsa_circ_0077687
364,hsa_circ_0015221
365,hsa_circ_0002922
366,hsa_circ_0053179
367,hsa_circ_0075999
368,hsa_circ_0052094
369,hsa_circ_0090500
370,hsa_circ_0072826
371,hsa_circ_0039972
372,hsa_circ_0052258
373,hsa_circ_0029291
374,hsa_circ_0039183
375,hsa_circ_0081107
376,hsa_circ_0063095
377,hsa_circ_0086740
378,hsa_circ_0004314
379,hsa_circ_0026319
380,hsa_circ_0005461
381,hsa_circ_0010643
382,hsa_circ_0002777
383,hsa_circ_0010653
384,hsa_circ_0005983
385,hsa_circ_0026321
386,hsa_circ_0065130
387,hsa_circ_0000948
388,hsa_circ_0089631
389,hsa_circ_0063082
390,hsa_circ_0009516
391,hsa_circ_0057344
392,hsa_circ_0046336
393,hsa_circ_0049507
394,hsa_circ_0090560
395,hsa_circ_0021030
396,hsa_circ_0091851
397,hsa_circ_0026924
398,hsa_circ_0010606
399,hsa_circ_0025834
400,hsa_circ_0055237
401,hsa_circ_0073950
402,hsa_circ_0019903
403,hsa_circ_0006648
404,hsa_circ_0033229
405,hsa_circ_0092089
406,hsa_circ_0044555
407,hsa_circ_0062695
408,hsa_circ_0087132
409,hsa_circ_0081508
410,hsa_circ_0011518
411,hsa_circ_0040281
412,hsa_circ_0040456
413,hsa_circ_0076016
414,hsa_circ_0071667
415,hsa_circ_0029879
416,hsa_circ_0057366
417,hsa_circ_0000939
418,hsa_circ_0081590
419,hsa_circ_0051048
420,hsa_circ_0078998
421,hsa_circ_0026211
422,hsa_circ_0078314
423,hsa_circ_0035152
424,hsa_circ_0037436
425,hsa_circ_0016778
426,hsa_circ_0045221
427,hsa_circ_0084515
428,hsa_circ_0037564
429,hsa_circ_0081135
430,hsa_circ_0008959
431,hsa_circ_0019928
432,hsa_circ_0038033
433,hsa_circ_0075924
434,hsa_circ_0082202
435,hsa_circ_0037565
436,hsa_circ_0072821
437,hsa_circ_0058374
438,hsa_circ_0042176
439,hsa_circ_0016130
440,hsa_circ_0048085
441,hsa_circ_0065481
442,hsa_circ_0010677
443,hsa_circ_0068761
444,hsa_circ_0080466
445,hsa_circ_0044547
446,hsa_circ_0049140
447,hsa_circ_0008111
448,hsa_circ_0033437
449,hsa_circ_0029298
450,hsa_circ_0090598
451,hsa_circ_0089373
452,hsa_circ_0079682
453,hsa_circ_0010663
454,hsa_circ_0010623
455,hsa_circ_0033262
456,hsa_circ_0026670
457,hsa_circ_0032979
458,hsa_circ_0013846
459,hsa_circ_0063102
460,hsa_circ_0010582
461,hsa_circ_0057438
462,hsa_circ_0010755
463,hsa_circ_0062697
464,hsa_circ_0066288
465,hsa_circ_0009642
466,hsa_circ_0057425
467,hsa_circ_0089428
468,hsa_circ_0079232
469,hsa_circ_0030877
470,hsa_circ_0020761
471,hsa_circ_0034112
472,hsa_circ_0019921
473,hsa_circ_0073819
474,hsa_circ_0016671
475,hsa_circ_0010662
476,hsa_circ_0022951
477,hsa_circ_0038906
478,hsa_circ_0046932
479,hsa_circ_0040430
480,hsa_circ_0029015
481,hsa_circ_0048709
482,hsa_circ_0010089
483,hsa_circ_0086860
484,hsa_circ_0086923
485,hsa_circ_0049109
486,hsa_circ_0035151
487,hsa_circ_0011806
488,hsa_circ_0016165
489,hsa_circ_0057377
490,hsa_circ_0063116
491,hsa_circ_0074025
492,hsa_circ_0022883
493,hsa_circ_0019690
494,hsa_circ_0044527
495,hsa_circ_0028920
496,hsa_circ_0010055
497,hsa_circ_0072823
498,hsa_circ_0065388
499,hsa_circ_0062088
500,hsa_circ_0016584
501,hsa_circ_0024748
502,hsa_circ_0043298
503,hsa_circ_0059689
504,hsa_circ_0078807
505,hsa_circ_0046099
506,hsa_circ_0052060
507,hsa_circ_0092086
508,hsa_circ_0033301
509,hsa_circ_0076021
510,hsa_circ_0073783
511,hsa_circ_0037438
512,hsa_circ_0092080
513,hsa_circ_0035699
514,hsa_circ_0090558
515,hsa_circ_0019689
516,hsa_circ_0019125
517,hsa_circ_0044524
518,hsa_circ_0062060
519,hsa_circ_0033774
520,hsa_circ_0019929
521,hsa_circ_0058202
522,hsa_circ_0010646
523,hsa_circ_0073792
524,hsa_circ_0060070
525,hsa_circ_0051665
526,hsa_circ_0010541
527,hsa_circ_0032953
528,hsa_circ_0058666
529,hsa_circ_0010601
530,hsa_circ_0075987
531,hsa_circ_0081137
532,hsa_circ_0046912
533,hsa_circ_0074451
534,hsa_circ_0011485
535,hsa_circ_0081144
536,hsa_circ_0091857
537,hsa_circ_0091931
538,hsa_circ_0020279
539,hsa_circ_0041666
540,hsa_circ_0065408
541,hsa_circ_0081596
542,hsa_circ_0010085
543,hsa_circ_0059101
544,hsa_circ_0019902
545,hsa_circ_0082480
546,hsa_circ_0086890
547,hsa_circ_0055902
548,hsa_circ_0005180
549,hsa_circ_0010614
550,hsa_circ_0065403
551,hsa_circ_0028998
552,hsa_circ_0079138
553,hsa_circ_0031066
554,hsa_circ_0012076
555,hsa_circ_0060210
556,hsa_circ_0014863
557,hsa_circ_0015709
558,hsa_circ_0041951
559,hsa_circ_0008161
560,hsa_circ_0007286
561,hsa_circ_0057436
562,hsa_circ_0010750
563,hsa_circ_0081058
564,hsa_circ_0037459
565,hsa_circ_0013870
566,hsa_circ_0076018
567,hsa_circ_0039071
568,hsa_circ_0026092
569,hsa_circ_0010607
570,hsa_circ_0089630
571,hsa_circ_0009194
572,hsa_circ_0089654
573,hsa_circ_0076000
574,hsa_circ_0001668
575,hsa_circ_0055601
576,hsa_circ_0080417
577,hsa_circ_0052204
578,hsa_circ_0024410
579,hsa_circ_0092082
580,hsa_circ_0079477
581,hsa_circ_0038209
582,hsa_circ_0077011
583,hsa_circ_0009231
584,hsa_circ_0010658
585,hsa_circ_0086915
586,hsa_circ_0025471
587,hsa_circ_0077566
588,hsa_circ_0033266
589,hsa_circ_0000388
590,hsa_circ_0052102
591,hsa_circ_0058672
592,hsa_circ_0012080
593,hsa_circ_0078472
594,hsa_circ_0061235
595,hsa_circ_0039762
596,hsa_circ_0048706
597,hsa_circ_0010583
598,hsa_circ_0069028
599,hsa_circ_0046847
600,hsa_circ_0036260
601,hsa_circ_0072896
602,hsa_circ_0037571
603,hsa_circ_0081143
604,hsa_circ_0030869
605,hsa_circ_0069158
606,hsa_circ_0074312
607,hsa_circ_0042177
608,hsa_circ_0089633
609,hsa_circ_0022613
610,hsa_circ_0066051
611,hsa_circ_0092076
612,hsa_circ_0035159
613,hsa_circ_0080940
614,hsa_circ_0086862
615,hsa_circ_0075974
616,hsa_circ_0048520
617,hsa_circ_0079954
618,hsa_circ_0010618
619,hsa_circ_0091813
620,hsa_circ_0081507
621,hsa_circ_0040688
622,hsa_circ_0083771
623,hsa_circ_0079928
624,hsa_circ_0000245
625,hsa_circ_0021035
626,hsa_circ_0079070
627,hsa_circ_0037739
628,hsa_circ_0085791
629,hsa_circ_0037186
630,hsa_circ_0010547
631,hsa_circ_0068968
632,hsa_circ_0004836
633,hsa_circ_0051279
634,hsa_circ_0026097
635,hsa_circ_0081063
636,hsa_circ_0010668
637,hsa_circ_0037454
638,hsa_circ_0033538
639,hsa_circ_0031184
640,hsa_circ_0062086
641,hsa_circ_0013871
642,hsa_circ_0033576
643,hsa_circ_0039099
644,hsa_circ_0050493
645,hsa_circ_0012762
646,hsa_circ_0075986
647,hsa_circ_0019687
648,hsa_circ_0042202
649,hsa_circ_0089425
650,hsa_circ_0030864
651,hsa_circ_0010669
652,hsa_circ_0086647
653,hsa_circ_0030867
654,hsa_circ_0015217
655,hsa_circ_0010594
656,hsa_circ_0022884
657,hsa_circ_0042771
658,hsa_circ_0057222
659,hsa_circ_0033245
660,hsa_circ_0013872
661,hsa_circ_0050086
662,hsa_circ_0025085
663,hsa_circ_0038605
664,hsa_circ_0080702
665,hsa_circ_0074784
666,hsa_circ_0089776
667,hsa_circ_0063107
668,hsa_circ_0082732
669,hsa_circ_0035135
670,hsa_circ_0049518
671,hsa_circ_0045755
672,hsa_circ_0047603
673,hsa_circ_0019874
674,hsa_circ_0080942
675,hsa_circ_0052319
676,hsa_circ_0044512
677,hsa_circ_0037445
678,hsa_circ_0030863
679,hsa_circ_0063515
680,hsa_circ_0086859
681,hsa_circ_0091822
682,hsa_circ_0025470
683,hsa_circ_0075371
684,hsa_circ_0044540
685,hsa_circ_0051047
686,hsa_circ_0044508
687,hsa_circ_0046851
688,hsa_circ_0072807
689,hsa_circ_0015212
690,hsa_circ_0081678
691,hsa_circ_0033256
692,hsa_circ_0019796
693,hsa_circ_0010642
694,hsa_circ_0081134
695,hsa_circ_0089461
696,hsa_circ_0081093
697,hsa_circ_0016632
698,hsa_circ_0057348
699,hsa_circ_0063387
700,hsa_circ_0007740
701,hsa_circ_0091850
702,hsa_circ_0081156
703,hsa_circ_0048089
704,hsa_circ_0014772
705,hsa_circ_0029353
706,hsa_circ_0080420
707,hsa_circ_0080298
708,hsa_circ_0050101
709,hsa_circ_0063096
710,hsa_circ_0057112
711,hsa_circ_0019913
712,hsa_circ_0050503
713,hsa_circ_0015996
714,hsa_circ_0050767
715,hsa_circ_0086176
716,hsa_circ_0018629
717,hsa_circ_0037148
718,hsa_circ_0004036
719,hsa_circ_0086888
720,hsa_circ_0074447
721,hsa_circ_0080029
722,hsa_circ_0011066
723,hsa_circ_0086855
724,hsa_circ_0049442
725,hsa_circ_0019894
726,hsa_circ_0045685
727,hsa_circ_0052294
728,hsa_circ_0026248
729,hsa_circ_0016308
730,hsa_circ_0011814
731,hsa_circ_0086898
732,hsa_circ_0055728
733,hsa_circ_0051649
734,hsa_circ_0037451
735,hsa_circ_0039109
736,hsa_circ_0019919
737,hsa_circ_0031403
738,hsa_circ_0077310
739,hsa_circ_0057439
740,hsa_circ_0044531
741,hsa_circ_0041888
742,hsa_circ_0081129
743,hsa_circ_0089463
744,hsa_circ_0024413
745,hsa_circ_0089771
746,hsa_circ_0063073
747,hsa_circ_0009562
748,hsa_circ_0019931
749,hsa_circ_0075784
750,hsa_circ_0076199
751,hsa_circ_0035139
752,hsa_circ_0072746
753,hsa_circ_0076198
754,hsa_circ_0073953
755,hsa_circ_0004333
756,hsa_circ_0020762
757,hsa_circ_0060073
758,hsa_circ_0040437
759,hsa_circ_0060075
760,hsa_circ_0072720
761,hsa_circ_0019922
762,hsa_circ_0050307
763,hsa_circ_0026106
764,hsa_circ_0033539
765,hsa_circ_0030834
766,hsa_circ_0060481
767,hsa_circ_0065400
768,hsa_circ_0086897
769,hsa_circ_0021031
770,hsa_circ_0028922
771,hsa_circ_0091672
772,hsa_circ_0033537
773,hsa_circ_0031813
774,hsa_circ_0013783
775,hsa_circ_0037463
776,hsa_circ_0041891
777,hsa_circ_0037455
778,hsa_circ_0052295
779,hsa_circ_0048702
780,hsa_circ_0046840
781,hsa_circ_0011067
782,hsa_circ_0089125
783,hsa_circ_0062091
784,hsa_circ_0088567
785,hsa_circ_0075953
786,hsa_circ_0042485
787,hsa_circ_0037185
788,hsa_circ_0091854
789,hsa_circ_0088326
790,hsa_circ_0075959
791,hsa_circ_0089433
792,hsa_circ_0050491
793,hsa_circ_0031207
794,hsa_circ_0081673
795,hsa_circ_0078770
796,hsa_circ_0051236
797,hsa_circ_0042662
798,hsa_circ_0055407
799,hsa_circ_0037437
800,hsa_circ_0044360
801,hsa_circ_0020309
802,hsa_circ_0039186
803,hsa_circ_0046048
804,hsa_circ_0049814
805,hsa_circ_0052318
806,hsa_circ_0048977
807,hsa_circ_0061989
808,hsa_circ_0033561
809,hsa_circ_0090559
810,hsa_circ_0066962
811,hsa_circ_0087788
812,hsa_circ_0041116
813,hsa_circ_0022958
814,hsa_circ_0044514
815,hsa_circ_0089684
816,hsa_circ_0087086
817,hsa_circ_0060079
818,hsa_circ_0017832
819,hsa_circ_0014327
820,hsa_circ_0063886
821,hsa_circ_0042657
822,hsa_circ_0061536
823,hsa_circ_0065407
824,hsa_circ_0005858
825,hsa_circ_0035721
826,hsa_circ_0044517
827,hsa_circ_0010664
828,hsa_circ_0022836
829,hsa_circ_0009640
830,hsa_circ_0008351
831,hsa_circ_0025469
832,hsa_circ_0035726
833,hsa_circ_0063113
834,hsa_circ_0046334
835,hsa_circ_0052115
836,hsa_circ_0085910
837,hsa_circ_0025801
838,hsa_circ_0010715
839,hsa_circ_0089138
840,hsa_circ_0002147
841,hsa_circ_0081152
842,hsa_circ_0091853
843,hsa_circ_0091849
844,hsa_circ_0037440
845,hsa_circ_0010670
846,hsa_circ_0070970
847,hsa_circ_0065593
848,hsa_circ_0044091
849,hsa_circ_0041575
850,hsa_circ_0009650
851,hsa_circ_0046105
852,hsa_circ_0010626
853,hsa_circ_0078982
854,hsa_circ_0044523
855,hsa_circ_0006940
856,hsa_circ_0044092
857,hsa_circ_0044560
858,hsa_circ_0085931
859,hsa_circ_0010597
860,hsa_circ_0051308
861,hsa_circ_0010062
862,hsa_circ_0063446
863,hsa_circ_0076015
864,hsa_circ_0033250
865,hsa_circ_0002139
866,hsa_circ_0052205
867,hsa_circ_0016756
868,hsa_circ_0063101
869,hsa_circ_0091803
870,hsa_circ_0063824
871,hsa_circ_0062015
872,hsa_circ_0078388
873,hsa_circ_0010638
874,hsa_circ_0063727
875,hsa_circ_0062410
876,hsa_circ_0051237
877,hsa_circ_0051929
878,hsa_circ_0048385
879,hsa_circ_0079142
880,hsa_circ_0015226
881,hsa_circ_0010559
882,hsa_circ_0031275
883,hsa_circ_0019893
884,hsa_circ_0069161
885,hsa_circ_0037694
886,hsa_circ_0069071
887,hsa_circ_0049122
888,hsa_circ_0079533
889,hsa_circ_0073786
890,hsa_circ_0092179
891,hsa_circ_0036747
892,hsa_circ_0050791
893,hsa_circ_0044509
894,hsa_circ_0045684
895,hsa_circ_0090561
896,hsa_circ_0027247
897,hsa_circ_0079112
898,hsa_circ_0040152
899,hsa_circ_0007963
900,hsa_circ_0049113
901,hsa_circ_0080943
902,hsa_circ_0091893
903,hsa_circ_0081113
904,hsa_circ_0052064
905,hsa_circ_0019875
906,hsa_circ_0085899
907,hsa_circ_0034998
908,hsa_circ_0031067
909,hsa_circ_0014736
910,hsa_circ_0026672
911,hsa_circ_0029014
912,hsa_circ_0081060
913,hsa_circ_0032499
914,hsa_circ_0082201
915,hsa_circ_0024414
916,hsa_circ_0046339
917,hsa_circ_0027195
918,hsa_circ_0021810
919,hsa_circ_0004192
920,hsa_circ_0044548
921,hsa_circ_0013874
922,hsa_circ_0034154
923,hsa_circ_0006000
924,hsa_circ_0086886
925,hsa_circ_0085811
926,hsa_circ_0023020
927,hsa_circ_0082878
928,hsa_circ_0091911
929,hsa_circ_0025023
930,hsa_circ_0052231
931,hsa_circ_0091438
932,hsa_circ_0065990
933,hsa_circ_0044549
934,hsa_circ_0061659
935,hsa_circ_0028936
936,hsa_circ_0007710
937,hsa_circ_0009180
938,hsa_circ_0080677
939,hsa_circ_0034156
940,hsa_circ_0022834
941,hsa_circ_0037999
942,hsa_circ_0055327
943,hsa_circ_0010644
944,hsa_circ_0048698
945,hsa_circ_0017181
946,hsa_circ_0065412
947,hsa_circ_0030188
948,hsa_circ_0004778
949,hsa_circ_0026093
950,hsa_circ_0046914
951,hsa_circ_0037182
952,hsa_circ_0017180
953,hsa_circ_0045787
954,hsa_circ_0039600
955,hsa_circ_0089552
956,hsa_circ_0001666
957,hsa_circ_0086871
958,hsa_circ_0074315
959,hsa_circ_0062698
960,hsa_circ_0073821
961,hsa_circ_0063076
962,hsa_circ_0057172
963,hsa_circ_0056703
964,hsa_circ_0044544
965,hsa_circ_0081080
966,hsa_circ_0042205
967,hsa_circ_0057955
968,hsa_circ_0045756
969,hsa_circ_0046850
970,hsa_circ_0029218
971,hsa_circ_0061088
972,hsa_circ_0073742
973,hsa_circ_0050233
974,hsa_circ_0029003
975,hsa_circ_0091309
976,hsa_circ_0052946
977,hsa_circ_0089837
978,hsa_circ_0045919
979,hsa_circ_0048686
980,hsa_circ_0010786
981,hsa_circ_0067181
982,hsa_circ_0044063
983,hsa_circ_0044550
984,hsa_circ_0078315
985,hsa_circ_0082199
986,hsa_circ_0074320
987,hsa_circ_0026089
988,hsa_circ_0078476
989,hsa_circ_0063366
990,hsa_circ_0038915
991,hsa_circ_0032981
992,hsa_circ_0010572
993,hsa_circ_0091456
994,hsa_circ_0091093
995,hsa_circ_0010555
996,hsa_circ_0004933
997,hsa_circ_0092087
998,hsa_circ_0046103
999,hsa_circ_0068828
1000,hsa_circ_0057393
1001,hsa_circ_0013776
1002,hsa_circ_0037434
1003,hsa_circ_0081079
1004,hsa_circ_0012655
1005,hsa_circ_0010599
1006,hsa_circ_0048710
1007,hsa_circ_0050839
1008,hsa_circ_0029883
1009,hsa_circ_0065404
1010,hsa_circ_0035119
1011,hsa_circ_0051666
1012,hsa_circ_0089438
1013,hsa_circ_0040873
1014,hsa_circ_0042029
1015,hsa_circ_0009227
1016,hsa_circ_0037450
1017,hsa_circ_0019328
1018,hsa_circ_0047786
1019,hsa_circ_0046240
1020,hsa_circ_0041574
1021,hsa_circ_0016773
1022,hsa_circ_0035147
1023,hsa_circ_0037573
1024,hsa_circ_0080666
1025,hsa_circ_0052117
1026,hsa_circ_0010647
1027,hsa_circ_0037987
1028,hsa_circ_0074314
1029,hsa_circ_0046104
1030,hsa_circ_0029456
1031,hsa_circ_0044541
1032,hsa_circ_0019926
1033,hsa_circ_0074449
1034,hsa_circ_0010082
1035,hsa_circ_0077314
1036,hsa_circ_0043315
1037,hsa_circ_0087154
1038,hsa_circ_0035704
1039,hsa_circ_0006177
1040,hsa_circ_0033435
1041,hsa_circ_0075988
1042,hsa_circ_0029875
1043,hsa_circ_0009969
1044,hsa_circ_0035691
1045,hsa_circ_0089426
1046,hsa_circ_0070741
1047,hsa_circ_0062512
1048,hsa_circ_0049077
1049,hsa_circ_0091809
1050,hsa_circ_0010695
1051,hsa_circ_0028496
1052,hsa_circ_0040433
1053,hsa_circ_0050314
1054,hsa_circ_0022422
1055,hsa_circ_0089785
1056,hsa_circ_0028093
1057,hsa_circ_0058673
1058,hsa_circ_0080701
1059,hsa_circ_0019908
1060,hsa_circ_0030874
1061,hsa_circ_0030873
1062,hsa_circ_0022885
1063,hsa_circ_0026107
1064,hsa_circ_0029877
1065,hsa_circ_0005554
1066,hsa_circ_0009233
1067,hsa_circ_0014031
1068,hsa_circ_0010645
1069,hsa_circ_0026929
1070,hsa_circ_0036748
1071,hsa_circ_0091936
1072,hsa_circ_0075977
1073,hsa_circ_0075995
1074,hsa_circ_0086930
1075,hsa_circ_0027010
1076,hsa_circ_0048389
1077,hsa_circ_0000246
1078,hsa_circ_0010604
1079,hsa_circ_0044504
1080,hsa_circ_0015850
1081,hsa_circ_0018233
1082,hsa_circ_0088167
1083,hsa_circ_0016307
1084,hsa_circ_0029876
1085,hsa_circ_0008323
1086,hsa_circ_0027148
1087,hsa_circ_0052245
1088,hsa_circ_0035705
1089,hsa_circ_0016594
1090,hsa_circ_0061904
1091,hsa_circ_0079394
1092,hsa_circ_0031059
1093,hsa_circ_0044528
1094,hsa_circ_0072894
1095,hsa_circ_0050045
1096,hsa_circ_0020669
1097,hsa_circ_0022858
1098,hsa_circ_0026098
1099,hsa_circ_0081146
1100,hsa_circ_0063099
1101,hsa_circ_0081363
1102,hsa_circ_0091350
1103,hsa_circ_0022870
1104,hsa_circ_0037462
1105,hsa_circ_0058914
1106,hsa_circ_0089445
1107,hsa_circ_0050795
1108,hsa_circ_0025078
1109,hsa_circ_0041887
1110,hsa_circ_0058675
1111,hsa_circ_0081145
1112,hsa_circ_0049496
1113,hsa_circ_0008493
1114,hsa_circ_0050838
1115,hsa_circ_0061672
1116,hsa_circ_0054291
1117,hsa_circ_0003591
1118,hsa_circ_0087427
1119,hsa_circ_0088171
1120,hsa_circ_0063081
1121,hsa_circ_0002379
1122,hsa_circ_0081510
1123,hsa_circ_0037464
1124,hsa_circ_0073820
1125,hsa_circ_0022893
1126,hsa_circ_0015848
1127,hsa_circ_0081083
1128,hsa_circ_0089703
1129,hsa_circ_0085885
1130,hsa_circ_0019895
1131,hsa_circ_0065405
1132,hsa_circ_0015849
1133,hsa_circ_0074318
1134,hsa_circ_0031156
1135,hsa_circ_0015760
1136,hsa_circ_0062694
1137,hsa_circ_0063084
1138,hsa_circ_0075921
1139,hsa_circ_0010071
1140,hsa_circ_0044093
1141,hsa_circ_0003610
1142,hsa_circ_0041373
1143,hsa_circ_0011308
1144,hsa_circ_0065420
1145,hsa_circ_0052055
1146,hsa_circ_0026099
1147,hsa_circ_0044769
1148,hsa_circ_0086853
1149,hsa_circ_0049837
1150,hsa_circ_0073822
1151,hsa_circ_0024344
1152,hsa_circ_0015204
1153,hsa_circ_0011310
1154,hsa_circ_0040543
1155,hsa_circ_0063474
1156,hsa_circ_0046926
1157,hsa_circ_0019527
1158,hsa_circ_0007950
1159,hsa_circ_0044094
1160,hsa_circ_0006298
1161,hsa_circ_0020556
1162,hsa_circ_0000912
1163,hsa_circ_0075961
1164,hsa_circ_0076010
1165,hsa_circ_0065397
1166,hsa_circ_0027192
1167,hsa_circ_0010557
1168,hsa_circ_0020280
1169,hsa_circ_0019896
1170,hsa_circ_0073954
1171,hsa_circ_0065363
1172,hsa_circ_0057424
1173,hsa_circ_0063110
1174,hsa_circ_0049920
1175,hsa_circ_0063085
1176,hsa_circ_0081084
1177,hsa_circ_0051094
1178,hsa_circ_0080167
1179,hsa_circ_0053011
1180,hsa_circ_0087119
1181,hsa_circ_0062544
1182,hsa_circ_0052293
1183,hsa_circ_0035148
1184,hsa_circ_0086885
1185,hsa_circ_0091807
1186,hsa_circ_0009565
1187,hsa_circ_0011801
1188,hsa_circ_0065414
1189,hsa_circ_0010114
1190,hsa_circ_0060490
1191,hsa_circ_0025055
1192,hsa_circ_0019897
1193,hsa_circ_0026102
1194,hsa_circ_0071662
1195,hsa_circ_0049157
1196,hsa_circ_0078934
1197,hsa_circ_0089456
1198,hsa_circ_0068987
1199,hsa_circ_0035158
1200,hsa_circ_0080517
1201,hsa_circ_0087637
1202,hsa_circ_0033279
1203,hsa_circ_0044246
1204,hsa_circ_0010650
1205,hsa_circ_0091804
1206,hsa_circ_0057354
1207,hsa_circ_0050087
1208,hsa_circ_0063112
1209,hsa_circ_0027202
1210,hsa_circ_0024343
1211,hsa_circ_0037458
1212,hsa_circ_0015708
1213,hsa_circ_0089440
1214,hsa_circ_0052123
1215,hsa_circ_0010648
1216,hsa_circ_0015762
1217,hsa_circ_0000726
1218,hsa_circ_0075991
1219,hsa_circ_0020138
1220,hsa_circ_0081115
1221,hsa_circ_0028536
1222,hsa_circ_0017183
1223,hsa_circ_0050497
1224,hsa_circ_0049499
1225,hsa_circ_0072851
1226,hsa_circ_0008476
1227,hsa_circ_0019519
1228,hsa_circ_0020316
1229,hsa_circ_0010063
1230,hsa_circ_0022879
1231,hsa_circ_0029013
1232,hsa_circ_0039604
1233,hsa_circ_0075940
1234,hsa_circ_0010602
1235,hsa_circ_0057378
1236,hsa_circ_0086889
1237,hsa_circ_0074490
1238,hsa_circ_0009561
1239,hsa_circ_0033260
1240,hsa_circ_0059073
1241,hsa_circ_0006293
1242,hsa_circ_0065411
1243,hsa_circ_0025862
1244,hsa_circ_0033237
1245,hsa_circ_0021025
1246,hsa_circ_0058282
1247,hsa_circ_0014323
1248,hsa_circ_0076921
1249,hsa_circ_0087157
1250,hsa_circ_0019793
1251,hsa_circ_0086866
1252,hsa_circ_0026927
1253,hsa_circ_0000965
1254,hsa_circ_0039605
1255,hsa_circ_0046845
1256,hsa_circ_0050085
1257,hsa_circ_0066052
1258,hsa_circ_0010605
1259,hsa_circ_0078767
1260,hsa_circ_0075990
1261,hsa_circ_0030854
1262,hsa_circ_0081131
1263,hsa_circ_0049103
1264,hsa_circ_0091311
1265,hsa_circ_0028367
1266,hsa_circ_0022862
1267,hsa_circ_0078946
1268,hsa_circ_0007680
1269,hsa_circ_0081122
1270,hsa_circ_0074319
1271,hsa_circ_0020759
1272,hsa_circ_0042178
1273,hsa_circ_0080692
1274,hsa_circ_0043314
1275,hsa_circ_0070969
1276,hsa_circ_0029881
1277,hsa_circ_0084793
1278,hsa_circ_0048681
1279,hsa_circ_0088723
1280,hsa_circ_0019905
1281,hsa_circ_0037995
1282,hsa_circ_0039974
1283,hsa_circ_0088325
1284,hsa_circ_0013873
1285,hsa_circ_0026104
1286,hsa_circ_0055230
1287,hsa_circ_0029294
1288,hsa_circ_0081120
1289,hsa_circ_0009400
1290,hsa_circ_0001978
1291,hsa_circ_0015214
1292,hsa_circ_0083778
1293,hsa_circ_0041952
1294,hsa_circ_0045918
1295,hsa_circ_0005873
1296,hsa_circ_0051309
1297,hsa_circ_0092088
1298,hsa_circ_0069974
1299,hsa_circ_0063108
1300,hsa_circ_0002013
1301,hsa_circ_0003702
1302,hsa_circ_0029300
1303,hsa_circ_0049111
1304,hsa_circ_0015847
1305,hsa_circ_0026668
1306,hsa_circ_0010689
1307,hsa_circ_0091425
1308,hsa_circ_0091424
1309,hsa_circ_0050973
1310,hsa_circ_0032980
1311,hsa_circ_0091101
1312,hsa_circ_0014500
1313,hsa_circ_0090652
1314,hsa_circ_0004779
1315,hsa_circ_0034769
1316,hsa_circ_0052283
1317,hsa_circ_0010542
1318,hsa_circ_0037574
1319,hsa_circ_0039105
1320,hsa_circ_0053920
1321,hsa_circ_0077309
1322,hsa_circ_0010631
1323,hsa_circ_0081116
1324,hsa_circ_0054611
1325,hsa_circ_0044507
1326,hsa_circ_0073793
1327,hsa_circ_0011902
1328,hsa_circ_0051755
1329,hsa_circ_0009564
1330,hsa_circ_0045789
1331,hsa_circ_0049115
1332,hsa_circ_0040874
1333,hsa_circ_0065132
1334,hsa_circ_0009372
1335,hsa_circ_0044532
1336,hsa_circ_0055963
1337,hsa_circ_0068656
1338,hsa_circ_0090847
1339,hsa_circ_0041852
1340,hsa_circ_0010420
1341,hsa_circ_0010703
1342,hsa_circ_0009518
1343,hsa_circ_0018435
1344,hsa_circ_0040435
1345,hsa_circ_0063080
1346,hsa_circ_0083240
1347,hsa_circ_0000254
1348,hsa_circ_0040277
1349,hsa_circ_0013785
1350,hsa_circ_0041126
1351,hsa_circ_0026973
1352,hsa_circ_0050270
1353,hsa_circ_0015227
1354,hsa_circ_0005481
1355,hsa_circ_0086892
1356,hsa_circ_0082192
1357,hsa_circ_0019043
1358,hsa_circ_0061244
1359,hsa_circ_0041571
1360,hsa_circ_0045784
1361,hsa_circ_0085900
1362,hsa_circ_0073781
1363,hsa_circ_0072809
1364,hsa_circ_0068783
1365,hsa_circ_0057388
1366,hsa_circ_0077316
1367,hsa_circ_0079478
1368,hsa_circ_0050308
1369,hsa_circ_0065415
1370,hsa_circ_0041954
1371,hsa_circ_0091306
1372,hsa_circ_0051283
1373,hsa_circ_0063368
1374,hsa_circ_0010558
1375,hsa_circ_0033280
1376,hsa_circ_0086902
1377,hsa_circ_0091910
1378,hsa_circ_0068829
1379,hsa_circ_0083939
1380,hsa_circ_0048700
1381,hsa_circ_0079707
1382,hsa_circ_0081095
1383,hsa_circ_0072886
1384,hsa_circ_0041099
1385,hsa_circ_0069159
1386,hsa_circ_0089529
1387,hsa_circ_0010632
1388,hsa_circ_0025820
1389,hsa_circ_0010649
1390,hsa_circ_0089424
1391,hsa_circ_0046560
1392,hsa_circ_0081138
1393,hsa_circ_0078768
1394,hsa_circ_0091099
1395,hsa_circ_0050766
1396,hsa_circ_0076826
1397,hsa_circ_0072891
1398,hsa_circ_0061080
1399,hsa_circ_0033282
1400,hsa_circ_0059790
1401,hsa_circ_0039075
1402,hsa_circ_0072895
1403,hsa_circ_0061130
1404,hsa_circ_0009222
1405,hsa_circ_0029597
1406,hsa_circ_0040432
1407,hsa_circ_0016670
1408,hsa_circ_0089789
1409,hsa_circ_0035143
1410,hsa_circ_0051648
1411,hsa_circ_0063111
1412,hsa_circ_0020763
1413,hsa_circ_0044062
1414,hsa_circ_0072892
1415,hsa_circ_0020555
1416,hsa_circ_0074548
1417,hsa_circ_0089439
1418,hsa_circ_0041876
1419,hsa_circ_0052003
1420,hsa_circ_0055736
1421,hsa_circ_0015703
1422,hsa_circ_0089788
1423,hsa_circ_0049494
1424,hsa_circ_0072817
1425,hsa_circ_0044506
1426,hsa_circ_0010700
1427,hsa_circ_0022952
1428,hsa_circ_0054632
1429,hsa_circ_0046098
1430,hsa_circ_0018825
1431,hsa_circ_0073779
1432,hsa_circ_0087428
1433,hsa_circ_0086931
1434,hsa_circ_0076614
1435,hsa_circ_0049112
1436,hsa_circ_0086175
1437,hsa_circ_0015220
1438,hsa_circ_0081155
1439,hsa_circ_0012069
1440,hsa_circ_0074307
1441,hsa_circ_0014770
1442,hsa_circ_0048473
1443,hsa_circ_0052110
1444,hsa_circ_0057182
1445,hsa_circ_0071547
1446,hsa_circ_0081066
1447,hsa_circ_0035578
1448,hsa_circ_0028369
1449,hsa_circ_0035150
1450,hsa_circ_0044535
1451,hsa_circ_0012562
1452,hsa_circ_0033436
1453,hsa_circ_0038898
1454,hsa_circ_0041143
1455,hsa_circ_0079141
1456,hsa_circ_0035716
1457,hsa_circ_0005620
1458,hsa_circ_0028919
1459,hsa_circ_0020137
1460,hsa_circ_0010654
1461,hsa_circ_0052098
1462,hsa_circ_0038032
1463,hsa_circ_0010609
1464,hsa_circ_0039185
1465,hsa_circ_0074317
1466,hsa_circ_0011522
1467,hsa_circ_0010640
1468,hsa_circ_0010787
1469,hsa_circ_0045785
1470,hsa_circ_0024503
1471,hsa_circ_0057363
1472,hsa_circ_0083774
1473,hsa_circ_0041668
1474,hsa_circ_0001476
1475,hsa_circ_0035140
1476,hsa_circ_0068587
1477,hsa_circ_0037461
1478,hsa_circ_0063365
1479,hsa_circ_0062087
1480,hsa_circ_0012557
1481,hsa_circ_0019923
1482,hsa_circ_0061535
1483,hsa_circ_0046917
1484,hsa_circ_0035136
1485,hsa_circ_0050485
1486,hsa_circ_0037448
1487,hsa_circ_0081091
1488,hsa_circ_0079155
1489,hsa_circ_0010600
1490,hsa_circ_0041864
1491,hsa_circ_0091667
1492,hsa_circ_0010698
1493,hsa_circ_0026100
1494,hsa_circ_0063089
1495,hsa_circ_0037194
1496,hsa_circ_0081151
1497,hsa_circ_0081506
1498,hsa_circ_0010622
1499,hsa_circ_0074024
1500,hsa_circ_0010682
1501,hsa_circ_0078862
1502,hsa_circ_0081064
1503,hsa_circ_0033233
1504,hsa_circ_0078873
1505,hsa_circ_0051116
1506,hsa_circ_0050283
1507,hsa_circ_0042680
1508,hsa_circ_0091933
1509,hsa_circ_0041843
1510,hsa_circ_0018685
1511,hsa_circ_0083095
1512,hsa_circ_0069162
1513,hsa_circ_0078962
1514,hsa_circ_0081090
1515,hsa_circ_0020758
1516,hsa_circ_0057441
1517,hsa_circ_0061537
1518,hsa_circ_0014789
1519,hsa_circ_0040923
1520,hsa_circ_0011819
1521,hsa_circ_0066036
1522,hsa_circ_0022342
1523,hsa_circ_0091856
1524,hsa_circ_0026103
1525,hsa_circ_0049104
1526,hsa_circ_0004566
1527,hsa_circ_0063516
1528,hsa_circ_0078883
1529,hsa_circ_0024265
1530,hsa_circ_0010571
1531,hsa_circ_0026096
1532,hsa_circ_0029297
1533,hsa_circ_0024411
1534,hsa_circ_0024881
1535,hsa_circ_0017040
1536,hsa_circ_0091855
1537,hsa_circ_0063106
1538,hsa_circ_0059100
1539,hsa_circ_0040247
1540,hsa_circ_0052104
1541,hsa_circ_0055236
1542,hsa_circ_0026669
1543,hsa_circ_0004939
1544,hsa_circ_0086916
1545,hsa_circ_0089191
1546,hsa_circ_0057223
1547,hsa_circ_0033257
1548,hsa_circ_0015223
1549,hsa_circ_0078968
1550,hsa_circ_0010683
1551,hsa_circ_0086887
1552,hsa_circ_0037568
1553,hsa_circ_0006984
1554,hsa_circ_0049108
1555,hsa_circ_0052103
1556,hsa_circ_0066066
1557,hsa_circ_0011071
1558,hsa_circ_0035732
1559,hsa_circ_0079395
1560,hsa_circ_0091909
1561,hsa_circ_0081110
1562,hsa_circ_0043961
1563,hsa_circ_0013837
1564,hsa_circ_0030189
1565,hsa_circ_0020318
1566,hsa_circ_0018228
1567,hsa_circ_0091892
1568,hsa_circ_0066963
1569,hsa_circ_0020212
1570,hsa_circ_0073739
1571,hsa_circ_0019930
1572,hsa_circ_0014209
1573,hsa_circ_0039087
1574,hsa_circ_0015704
1575,hsa_circ_0091805
1576,hsa_circ_0081149
1577,hsa_circ_0019327
1578,hsa_circ_0089427
1579,hsa_circ_0033892
1580,hsa_circ_0004454
1581,hsa_circ_0088170
1582,hsa_circ_0091916
1583,hsa_circ_0029933
1584,hsa_circ_0050793
1585,hsa_circ_0028921
1586,hsa_circ_0004886
1587,hsa_circ_0062696
1588,hsa_circ_0033247
1589,hsa_circ_0020282
1590,hsa_circ_0073944
1591,hsa_circ_0086891
1592,hsa_circ_0057390
1593,hsa_circ_0091852
1594,hsa_circ_0075558
1595,hsa_circ_0039778
1596,hsa_circ_0053176
1597,hsa_circ_0063109
1598,hsa_circ_0019906
1599,hsa_circ_0051751
1600,hsa_circ_0032955
1601,hsa_circ_0034283
1602,hsa_circ_0033239
1603,hsa_circ_0048701
1604,hsa_circ_0066316
1605,hsa_circ_0063518
1606,hsa_circ_0037432
1607,hsa_circ_0002326
1608,hsa_circ_0017351
1609,hsa_circ_0044403
1610,hsa_circ_0087155
1611,hsa_circ_0010619
1612,hsa_circ_0063117
1613,hsa_circ_0010610
1614,hsa_circ_0002769
1615,hsa_circ_0013997
1616,hsa_circ_0083683
1617,hsa_circ_0020595
1618,hsa_circ_0069822
1619,hsa_circ_0065398
1620,hsa_circ_0057355
1621,hsa_circ_0059143
1622,hsa_circ_0050102
1623,hsa_circ_0010624
1624,hsa_circ_0091908
1625,hsa_circ_0089530
1626,hsa_circ_0049503
1627,hsa_circ_0076002
1628,hsa_circ_0055727
1629,hsa_circ_0083938
1630,hsa_circ_0073785
1631,hsa_circ_0016627
1632,hsa_circ_0063083
1633,hsa_circ_0010694
1634,hsa_circ_0015946
1635,hsa_circ_0013875
1636,hsa_circ_0044510
1637,hsa_circ_0035116
1638,hsa_circ_0025827
1639,hsa_circ_0048088
1640,hsa_circ_0023419
1641,hsa_circ_0079994
1642,hsa_circ_0044516
1643,hsa_circ_0007339
1644,hsa_circ_0086854
1645,hsa_circ_0089792
1646,hsa_circ_0063094
1647,hsa_circ_0072883
1648,hsa_circ_0074309
1649,hsa_circ_0072884
1650,hsa_circ_0001201
1651,hsa_circ_0044534
1652,hsa_circ_0052284
1653,hsa_circ_0030855
1654,hsa_circ_0055239
1655,hsa_circ_0009313
1656,hsa_circ_0089462
1657,hsa_circ_0083773
1658,hsa_circ_0046335
1659,hsa_circ_0021033
1660,hsa_circ_0089134
1661,hsa_circ_0085909
1662,hsa_circ_0064330
1663,hsa_circ_0063072
1664,hsa_circ_0020757
1665,hsa_circ_0023019
1666,hsa_circ_0078769
1667,hsa_circ_0081505
1668,hsa_circ_0040455
1669,hsa_circ_0027196
1670,hsa_circ_0033236
1671,hsa_circ_0033534
1672,hsa_circ_0072897
1673,hsa_circ_0087425
1674,hsa_circ_0015199
1675,hsa_circ_0022859
1676,hsa_circ_0041573
1677,hsa_circ_0086904
1678,hsa_circ_0057385
1679,hsa_circ_0042204
1680,hsa_circ_0090835
1681,hsa_circ_0037199
1682,hsa_circ_0045680
1683,hsa_circ_0055735
1684,hsa_circ_0019795
1685,hsa_circ_0038126
1686,hsa_circ_0046919
1687,hsa_circ_0010552
1688,hsa_circ_0063119
1689,hsa_circ_0024899
1690,hsa_circ_0010581
1691,hsa_circ_0011583
1692,hsa_circ_0049099
1693,hsa_circ_0016595
1694,hsa_circ_0068785
1695,hsa_circ_0019909
1696,hsa_circ_0078771
1697,hsa_circ_0089528
1698,hsa_circ_0073784
1699,hsa_circ_0019900
1700,hsa_circ_0041089
1701,hsa_circ_0041257
1702,hsa_circ_0025059
1703,hsa_circ_0080293
1704,hsa_circ_0044558
1705,hsa_circ_0007063
1706,hsa_circ_0063077
1707,hsa_circ_0059079
1708,hsa_circ_0076008
1709,hsa_circ_0081061
1710,hsa_circ_0018628
1711,hsa_circ_0035156
1712,hsa_circ_0033274
1713,hsa_circ_0035153
1714,hsa_circ_0052201
1715,hsa_circ_0073777
1716,hsa_circ_0012071
1717,hsa_circ_0077312
1718,hsa_circ_0052977
1719,hsa_circ_0022932
1720,hsa_circ_0072172
1721,hsa_circ_0068741
1722,hsa_circ_0074522
1723,hsa_circ_0073780
1724,hsa_circ_0047831
1725,hsa_circ_0078886
1726,hsa_circ_0076001
1727,hsa_circ_0075156
1728,hsa_circ_0019927
1729,hsa_circ_0019332
1730,hsa_circ_0040250
1731,hsa_circ_0010083
1732,hsa_circ_0029878
1733,hsa_circ_0086867
1734,hsa_circ_0091437
1735,hsa_circ_0010596
1736,hsa_circ_0025863
1737,hsa_circ_0049667
1738,hsa_circ_0046928
1739,hsa_circ_0062699
1740,hsa_circ_0039780
1741,hsa_circ_0039779
1742,hsa_circ_0075556
1743,hsa_circ_0065401
1744,hsa_circ_0086881
1745,hsa_circ_0078812
1746,hsa_circ_0089429
1747,hsa_circ_0051585
1748,hsa_circ_0051285
1749,hsa_circ_0078313
1750,hsa_circ_0044538
1751,hsa_circ_0043980
1752,hsa_circ_0010580
1753,hsa_circ_0075898
1754,hsa_circ_0062092
1755,hsa_circ_0074450
1756,hsa_circ_0015222
1757,hsa_circ_0064836
1758,hsa_circ_0048976
1759,hsa_circ_0044551
1760,hsa_circ_0052059
1761,hsa_circ_0051857
1762,hsa_circ_0009652
1763,hsa_circ_0010699
1764,hsa_circ_0018316
1765,hsa_circ_0034284
1766,hsa_circ_0015216
1767,hsa_circ_0051055
1768,hsa_circ_0072808
1769,hsa_circ_0050112
1770,hsa_circ_0048086
1771,hsa_circ_0090569
1772,hsa_circ_0081089
1773,hsa_circ_0049125
1774,hsa_circ_0046155
1775,hsa_circ_0042840
1776,hsa_circ_0057356
1777,hsa_circ_0010633
1778,hsa_circ_0081125
1779,hsa_circ_0025086
1780,hsa_circ_0026141
1781,hsa_circ_0090836
1782,hsa_circ_0089453
1783,hsa_circ_0044401
1784,hsa_circ_0020283
1785,hsa_circ_0080684
1786,hsa_circ_0028368
1787,hsa_circ_0029299
1788,hsa_circ_0063097
1789,hsa_circ_0084794
1790,hsa_circ_0063367
1791,hsa_circ_0011823
1792,hsa_circ_0010544
1793,hsa_circ_0089444
1794,hsa_circ_0042658
1795,hsa_circ_0080668
1796,hsa_circ_0063823
1797,hsa_circ_0057365
1798,hsa_circ_0067139
1799,hsa_circ_0033533
1800,hsa_circ_0073782
1801,hsa_circ_0086872
1802,hsa_circ_0074453
1803,hsa_circ_0049815
1804,hsa_circ_0073606
1805,hsa_circ_0045682
1806,hsa_circ_0022343
1807,hsa_circ_0091699
1808,hsa_circ_0063742
1809,hsa_circ_0015700
1810,hsa_circ_0062089
1811,hsa_circ_0063889
1812,hsa_circ_0026928
1813,hsa_circ_0050502
1814,hsa_circ_0016585
1815,hsa_circ_0014324
1816,hsa_circ_0033289
1817,hsa_circ_0050991
1818,hsa_circ_0089460
1819,hsa_circ_0074448
1820,hsa_circ_0016776
1821,hsa_circ_0051238
1822,hsa_circ_0088827
1823,hsa_circ_0049106
1824,hsa_circ_0050799
1825,hsa_circ_0030837
1826,hsa_circ_0087639
1827,hsa_circ_0019330
1828,hsa_circ_0066325
1829,hsa_circ_0037111
1830,hsa_circ_0028537
1831,hsa_circ_0002172
1832,hsa_circ_0007514
1833,hsa_circ_0091848
1834,hsa_circ_0059186
1835,hsa_circ_0086873
1836,hsa_circ_0055960
1837,hsa_circ_0087638
1838,hsa_circ_0046102
1839,hsa_circ_0079107
1840,hsa_circ_0030857
1841,hsa_circ_0030862
1842,hsa_circ_0051281
1843,hsa_circ_0019924
1844,hsa_circ_0081633
1845,hsa_circ_0072887
1846,hsa_circ_0062099
1847,hsa_circ_0066050
1848,hsa_circ_0075989
1849,hsa_circ_0024993
1850,hsa_circ_0091100
1851,hsa_circ_0076009
1852,hsa_circ_0081133
1853,hsa_circ_0012561
1854,hsa_circ_0013782
1855,hsa_circ_0041605
1856,hsa_circ_0033438
1857,hsa_circ_0010617
1858,hsa_circ_0000215
1859,hsa_circ_0040297
1860,hsa_circ_0034591
1861,hsa_circ_0009878
1862,hsa_circ_0081111
1863,hsa_circ_0091866
1864,hsa_circ_0087424
1865,hsa_circ_0010608
1866,hsa_circ_0027022
1867,hsa_circ_0035141
1868,hsa_circ_0027934
1869,hsa_circ_0044530
1870,hsa_circ_0037439
1871,hsa_circ_0072182
1872,hsa_circ_0033278
1873,hsa_circ_0007805
1874,hsa_circ_0014326
1875,hsa_circ_0049171
1876,hsa_circ_0001946
1877,hsa_circ_0058671
1878,hsa_circ_0053897
1879,hsa_circ_0051239
1880,hsa_circ_0091847
1881,hsa_circ_0033272
1882,hsa_circ_0041570
1883,hsa_circ_0080166
1884,hsa_circ_0027933
1885,hsa_circ_0063078
1886,hsa_circ_0020490
1887,hsa_circ_0085929
1888,hsa_circ_0048703
1889,hsa_circ_0086856
1890,hsa_circ_0061905
1891,hsa_circ_0017198
1892,hsa_circ_0041578
1893,hsa_circ_0045783
1894,hsa_circ_0016777
1895,hsa_circ_0068762
1896,hsa_circ_0005503
1897,hsa_circ_0041122
1898,hsa_circ_0055235
1899,hsa_circ_0055738
1900,hsa_circ_0058227
1901,hsa_circ_0081148
1902,hsa_circ_0091858
1903,hsa_circ_0048387
1904,hsa_circ_0040261
1905,hsa_circ_0026926
1906,hsa_circ_0085833
1907,hsa_circ_0044525
1908,hsa_circ_0044522
1909,hsa_circ_0010639
1910,hsa_circ_0021566
1911,hsa_circ_0072890
1912,hsa_circ_0082562
1913,hsa_circ_0039128
1914,hsa_circ_0038403
1915,hsa_circ_0016775
1916,hsa_circ_0052290
1917,hsa_circ_0035685
1918,hsa_circ_0039035
1919,hsa_circ_0025972
1920,hsa_circ_0008352
1921,hsa_circ_0048499
1922,hsa_circ_0019331
1923,hsa_circ_0033532
1924,hsa_circ_0068882
1925,hsa_circ_0089632
1926,hsa_circ_0091310
1927,hsa_circ_0023414
1928,hsa_circ_0089547
1929,hsa_circ_0044536
1930,hsa_circ_0073778
1931,hsa_circ_0035713
1932,hsa_circ_0063087
1933,hsa_circ_0039090
1934,hsa_circ_0039606
1935,hsa_circ_0050815
1936,hsa_circ_0049366
1937,hsa_circ_0013827
1938,hsa_circ_0052097
1939,hsa_circ_0050272
1940,hsa_circ_0010084
1941,hsa_circ_0049516
1942,hsa_circ_0033273
1943,hsa_circ_0019892
1944,hsa_circ_0050792
1945,hsa_circ_0078475
1946,hsa_circ_0035157
1947,hsa_circ_0025082
1948,hsa_circ_0000346
1949,hsa_circ_0010560
1950,hsa_circ_0020208
1951,hsa_circ_0056828
1952,hsa_circ_0044537
1953,hsa_circ_0010595
1954,hsa_circ_0025819
1955,hsa_circ_0049937
1956,hsa_circ_0068988
1957,hsa_circ_0039973
1958,hsa_circ_0063075
1959,hsa_circ_0038486
1960,hsa_circ_0037543
1961,hsa_circ_0065402
1962,hsa_circ_0052316
1963,hsa_circ_0073949
1964,hsa_circ_0009224
1965,hsa_circ_0081154
1966,hsa_circ_0034772
1967,hsa_circ_0057391
1968,hsa_circ_0044404
1969,hsa_circ_0085911
1970,hsa_circ_0081509
1971,hsa_circ_0061595
1972,hsa_circ_0022861
1973,hsa_circ_0081062
1974,hsa_circ_0015699
1975,hsa_circ_0083091
1976,hsa_circ_0026923
1977,hsa_circ_0011068
1978,hsa_circ_0057435
1979,hsa_circ_0044552
1980,hsa_circ_0061903
1981,hsa_circ_0035717
1982,hsa_circ_0014771
1983,hsa_circ_0075946
1984,hsa_circ_0003360
1985,hsa_circ_0019914
1986,hsa_circ_0035138
1987,hsa_circ_0033251
1988,hsa_circ_0059791
1989,hsa_circ_0050806
1990,hsa_circ_0009959
1991,hsa_circ_0081065
1992,hsa_circ_0063100
1993,hsa_circ_0091811
1994,hsa_circ_0051299
1995,hsa_circ_0058234
1996,hsa_circ_0068969
1997,hsa_circ_0050631
1998,hsa_circ_0083104
1999,hsa_circ_0037444
2000,hsa_circ_0014746
2001,hsa_circ_0014742
2002,hsa_circ_0029011
2003,hsa_circ_0072819
2004,hsa_circ_0061128
2005,hsa_circ_0086903
2006,hsa_circ_0006799
2007,hsa_circ_0035684
2008,hsa_circ_0075083
2009,hsa_circ_0056162
2010,hsa_circ_0046852
2011,hsa_circ_0009085
2012,hsa_circ_0044543
2013,hsa_circ_0024409
2014,hsa_circ_0049439
2015,hsa_circ_0081106
2016,hsa_circ_0086893
2017,hsa_circ_0082881
2018,hsa_circ_0060213
2019,hsa_circ_0036746
2020,hsa_circ_0010671
2021,hsa_circ_0019898
2022,hsa_circ_0044511
2023,hsa_circ_0009563
2024,hsa_circ_0013310
2025,hsa_circ_0008447
2026,hsa_circ_0081114
2027,hsa_circ_0075041
2028,hsa_circ_0091422
2029,hsa_circ_0052108
2030,hsa_circ_0017433
2031,hsa_circ_0075790
2032,hsa_circ_0027654
2033,hsa_circ_0010585
2034,hsa_circ_0033265
2035,hsa_circ_0004642
2036,hsa_circ_0091103
2037,hsa_circ_0086864
2038,hsa_circ_0042674
2039,hsa_circ_0025374
2040,hsa_circ_0082877
2041,hsa_circ_0066046
2042,hsa_circ_0041881
2043,hsa_circ_0089443
2044,hsa_circ_0066014
2045,hsa_circ_0027147
2046,hsa_circ_0010603
2047,hsa_circ_0044521
2048,hsa_circ_0051293
2049,hsa_circ_0081123
2050,hsa_circ_0073951
2051,hsa_circ_0011309
2052,hsa_circ_0023418
2053,hsa_circ_0041890
2054,hsa_circ_0088172
2055,hsa_circ_0068991
2056,hsa_circ_0010620
2057,hsa_circ_0037449
2058,hsa_circ_0082879
2059,hsa_circ_0009401
2060,hsa_circ_0049120
2061,hsa_circ_0033271
2062,hsa_circ_0017184
2063,hsa_circ_0003960
2064,hsa_circ_0081073
2065,hsa_circ_0024407
2066,hsa_circ_0020136
2067,hsa_circ_0030868
2068,hsa_circ_0055817
2069,hsa_circ_0072824
2070,hsa_circ_0089809
2071,hsa_circ_0082561
2072,hsa_circ_0049110
2073,hsa_circ_0053192
2074,hsa_circ_0013876
2075,hsa_circ_0081364
2076,hsa_circ_0044533
2077,hsa_circ_0046337
2078,hsa_circ_0007600
2079,hsa_circ_0039184
2080,hsa_circ_0081159
2081,hsa_circ_0081059
2082,hsa_circ_0003812
2083,hsa_circ_0018627
2084,hsa_circ_0010685
2085,hsa_circ_0029204
2086,hsa_circ_0087640
2087,hsa_circ_0073877
2088,hsa_circ_0091907
2089,hsa_circ_0068940
2090,hsa_circ_0033776
2091,hsa_circ_0064350
2092,hsa_circ_0081119
2093,hsa_circ_0049485
2094,hsa_circ_0072026
2095,hsa_circ_0086300
2096,hsa_circ_0010574
2097,hsa_circ_0010148
2098,hsa_circ_0044559
2099,hsa_circ_0055961
2100,hsa_circ_0018230
2101,hsa_circ_0001731
2102,hsa_circ_0026925
2103,hsa_circ_0072888
2104,hsa_circ_0040428
2105,hsa_circ_0024264
2106,hsa_circ_0089548
2107,hsa_circ_0073788
2108,hsa_circ_0065416
2109,hsa_circ_0062093
2110,hsa_circ_0055725
2111,hsa_circ_0076600
2112,hsa_circ_0005558
2113,hsa_circ_0040875
2114,hsa_circ_0078312
